year,ID,name,Type
2020,378,ICCM International Conferences on Composite Materials,Conference Paper
2017,378,ICCM International Conferences on Composite Materials,Conference Paper
2018,378,ICCM International Conferences on Composite Materials,Conference Paper
2019,23,IEEE Transactions on Aerospace and Electronic Systems,Conference Paper
2018,23,IEEE Transactions on Aerospace and Electronic Systems,Conference Paper
2020,382,IEEE Geoscience and Remote Sensing Letters,Conference Paper
2018,382,IEEE Geoscience and Remote Sensing Letters,Conference Paper
2016,382,IEEE Geoscience and Remote Sensing Letters,Conference Paper
2015,382,IEEE Geoscience and Remote Sensing Letters,Conference Paper
2018,105,IEEE Transactions on Antennas and Propagation,Conference Paper
2015,105,IEEE Transactions on Antennas and Propagation,Conference Paper
2018,309,"26th International Congress on Large Dams, 2018",Conference Paper
2020,381,"Proceedings of the 19th International Conference on Engineering and Product Design Education: Building Community: Design Education for a Sustainable Future, E and PDE 2017",Conference Paper
2018,381,"Proceedings of the 19th International Conference on Engineering and Product Design Education: Building Community: Design Education for a Sustainable Future, E and PDE 2017",Conference Paper
2016,381,"Proceedings of the 19th International Conference on Engineering and Product Design Education: Building Community: Design Education for a Sustainable Future, E and PDE 2017",Conference Paper
2017,381,"Proceedings of the 19th International Conference on Engineering and Product Design Education: Building Community: Design Education for a Sustainable Future, E and PDE 2017",Conference Paper
2019,363,"11th Annual IEEE International Systems Conference, SysCon 2017 - Proceedings",Conference Paper
2017,363,"11th Annual IEEE International Systems Conference, SysCon 2017 - Proceedings",Conference Paper
2016,363,"11th Annual IEEE International Systems Conference, SysCon 2017 - Proceedings",Conference Paper
2020,283,Proceedings - International Symposium on Biomedical Imaging,Conference Paper
2019,283,Proceedings - International Symposium on Biomedical Imaging,Conference Paper
2016,283,Proceedings - International Symposium on Biomedical Imaging,Conference Paper
2015,283,Proceedings - International Symposium on Biomedical Imaging,Conference Paper
2019,226,Turkish Journal of Electrical Engineering and Computer Sciences,Journal
2020,226,Turkish Journal of Electrical Engineering and Computer Sciences,Journal
2018,226,Turkish Journal of Electrical Engineering and Computer Sciences,Journal
2016,226,Turkish Journal of Electrical Engineering and Computer Sciences,Journal
2018,284,"Noise Reduction: Methods, Applications and Technology",Conference Paper
2017,284,"Noise Reduction: Methods, Applications and Technology",Conference Paper
2015,284,"Noise Reduction: Methods, Applications and Technology",Conference Paper
2019,182,Proceedings of the IEEE Conference on Decision and Control,Conference Paper
2017,182,Proceedings of the IEEE Conference on Decision and Control,Conference Paper
2018,182,Proceedings of the IEEE Conference on Decision and Control,Conference Paper
2016,182,Proceedings of the IEEE Conference on Decision and Control,Conference Paper
2015,182,Proceedings of the IEEE Conference on Decision and Control,Conference Paper
2019,334,Geological Society Special Publication,Conference Paper
2020,334,Geological Society Special Publication,Conference Paper
2018,334,Geological Society Special Publication,Conference Paper
2017,334,Geological Society Special Publication,Conference Paper
2015,334,Geological Society Special Publication,Conference Paper
2019,371,Risk Analysis,Conference Paper
2020,371,Risk Analysis,Conference Paper
2017,371,Risk Analysis,Conference Paper
2018,371,Risk Analysis,Conference Paper
2020,79,Proceedings - Annual Reliability and Maintainability Symposium,Conference Paper
2019,79,Proceedings - Annual Reliability and Maintainability Symposium,Conference Paper
2018,79,Proceedings - Annual Reliability and Maintainability Symposium,Conference Paper
2019,12,Journal of Manufacturing Processes,Journal
2018,12,Journal of Manufacturing Processes,Journal
2017,12,Journal of Manufacturing Processes,Journal
2018,193,"Proceedings of the International Conference on Engineering Design, ICED",Conference Paper
2020,193,"Proceedings of the International Conference on Engineering Design, ICED",Conference Paper
2019,193,"Proceedings of the International Conference on Engineering Design, ICED",Conference Paper
2019,22,Scripta Materialia,Conference Paper
2020,361,International Journal of Electronics,Journal
2019,361,International Journal of Electronics,Journal
2018,361,International Journal of Electronics,Journal
2017,361,International Journal of Electronics,Journal
2016,361,International Journal of Electronics,Journal
2019,151,International Journal of Plasticity,Journal
2017,151,International Journal of Plasticity,Journal
2018,153,Composites Part A: Applied Science and Manufacturing,Conference Paper
2019,153,Composites Part A: Applied Science and Manufacturing,Conference Paper
2016,153,Composites Part A: Applied Science and Manufacturing,Conference Paper
2019,286,International Journal on Interactive Design and Manufacturing,Journal
2018,286,International Journal on Interactive Design and Manufacturing,Journal
2019,176,Journal of Biomechanics,Journal
2018,176,Journal of Biomechanics,Journal
2017,176,Journal of Biomechanics,Journal
2016,176,Journal of Biomechanics,Journal
2019,214,IEEE Journal of Selected Topics in Quantum Electronics,Journal
2018,214,IEEE Journal of Selected Topics in Quantum Electronics,Journal
2017,214,IEEE Journal of Selected Topics in Quantum Electronics,Journal
2020,295,Fire Safety Journal,Journal
2019,295,Fire Safety Journal,Journal
2018,295,Fire Safety Journal,Journal
2017,295,Fire Safety Journal,Journal
2016,295,Fire Safety Journal,Journal
2019,397,Nanophotonics,Conference Paper
2018,397,Nanophotonics,Conference Paper
2016,397,Nanophotonics,Conference Paper
2019,86,Fluids,Conference Paper
2018,86,Fluids,Conference Paper
2017,86,Fluids,Conference Paper
2019,200,Medical Engineering and Physics,Conference Paper
2020,200,Medical Engineering and Physics,Conference Paper
2017,200,Medical Engineering and Physics,Conference Paper
2016,200,Medical Engineering and Physics,Conference Paper
2019,177,IEEE/ASME Transactions on Mechatronics,Conference Paper
2018,177,IEEE/ASME Transactions on Mechatronics,Conference Paper
2017,177,IEEE/ASME Transactions on Mechatronics,Conference Paper
2016,177,IEEE/ASME Transactions on Mechatronics,Conference Paper
2015,177,IEEE/ASME Transactions on Mechatronics,Conference Paper
2018,377,"AIAA Information Systems-AIAA Infotech at Aerospace, 2017",Conference Paper
2017,377,"AIAA Information Systems-AIAA Infotech at Aerospace, 2017",Conference Paper
2016,377,"AIAA Information Systems-AIAA Infotech at Aerospace, 2017",Conference Paper
2018,251,Journal of Vacuum Science and Technology B: Nanotechnology and Microelectronics,Journal
2016,251,Journal of Vacuum Science and Technology B: Nanotechnology and Microelectronics,Journal
2020,243,Lab on a Chip,Conference Paper
2018,243,Lab on a Chip,Conference Paper
2019,243,Lab on a Chip,Conference Paper
2017,243,Lab on a Chip,Conference Paper
2016,243,Lab on a Chip,Conference Paper
2020,3,Journal of Hydraulic Engineering,Journal
2018,3,Journal of Hydraulic Engineering,Journal
2017,3,Journal of Hydraulic Engineering,Journal
2018,82,AIAA Journal,Journal
2017,82,AIAA Journal,Journal
2016,82,AIAA Journal,Journal
2015,82,AIAA Journal,Journal
2018,210,RILEM Bookseries,Conference Paper
2019,210,RILEM Bookseries,Conference Paper
2020,296,ACM/IEEE International Conference on Human-Robot Interaction,Conference Paper
2019,296,ACM/IEEE International Conference on Human-Robot Interaction,Conference Paper
2016,296,ACM/IEEE International Conference on Human-Robot Interaction,Conference Paper
2017,296,ACM/IEEE International Conference on Human-Robot Interaction,Conference Paper
2018,370,International Journal of Precision Engineering and Manufacturing,Journal
2020,370,International Journal of Precision Engineering and Manufacturing,Journal
2019,370,International Journal of Precision Engineering and Manufacturing,Journal
2017,370,International Journal of Precision Engineering and Manufacturing,Journal
2016,370,International Journal of Precision Engineering and Manufacturing,Journal
2020,249,Finite Fields and their Applications,Conference Paper
2018,249,Finite Fields and their Applications,Conference Paper
2017,249,Finite Fields and their Applications,Conference Paper
2019,120,"International Conference on Infrared, Millimeter, and Terahertz Waves, IRMMW-THz",Conference Paper
2017,120,"International Conference on Infrared, Millimeter, and Terahertz Waves, IRMMW-THz",Conference Paper
2016,120,"International Conference on Infrared, Millimeter, and Terahertz Waves, IRMMW-THz",Conference Paper
2015,120,"International Conference on Infrared, Millimeter, and Terahertz Waves, IRMMW-THz",Conference Paper
2019,118,Flexible and Printed Electronics,Conference Paper
2020,118,Flexible and Printed Electronics,Conference Paper
2018,118,Flexible and Printed Electronics,Conference Paper
2016,118,Flexible and Printed Electronics,Conference Paper
2020,230,Journal of Materials Research,Journal
2016,230,Journal of Materials Research,Journal
2017,230,Journal of Materials Research,Journal
2019,185,Mechanical Sciences,Conference Paper
2020,185,Mechanical Sciences,Conference Paper
2017,185,Mechanical Sciences,Conference Paper
2018,185,Mechanical Sciences,Conference Paper
2016,185,Mechanical Sciences,Conference Paper
2019,346,Journal of Professional Issues in Engineering Education and Practice,Journal
2018,346,Journal of Professional Issues in Engineering Education and Practice,Journal
2017,346,Journal of Professional Issues in Engineering Education and Practice,Journal
2018,186,"2018 North American Power Symposium, NAPS 2018",Conference Paper
2019,186,"2018 North American Power Symposium, NAPS 2018",Conference Paper
2020,92,Conference Proceedings of the Society for Experimental Mechanics Series,Conference Paper
2017,92,Conference Proceedings of the Society for Experimental Mechanics Series,Conference Paper
2018,92,Conference Proceedings of the Society for Experimental Mechanics Series,Conference Paper
2020,164,ACM Transactions on Privacy and Security,Conference Paper
2017,164,ACM Transactions on Privacy and Security,Conference Paper
2018,164,ACM Transactions on Privacy and Security,Conference Paper
2020,54,Physical Review Fluids,Conference Paper
2017,54,Physical Review Fluids,Conference Paper
2019,169,Construction and Building Materials,Conference Paper
2017,169,Construction and Building Materials,Conference Paper
2016,169,Construction and Building Materials,Conference Paper
2020,124,IEEE Solid-State Circuits Letters,Conference Paper
2019,124,IEEE Solid-State Circuits Letters,Conference Paper
2018,124,IEEE Solid-State Circuits Letters,Conference Paper
2017,124,IEEE Solid-State Circuits Letters,Conference Paper
2018,302,IET Conference Publications,Conference Paper
2017,302,IET Conference Publications,Conference Paper
2015,302,IET Conference Publications,Conference Paper
2020,356,"2017 International Conference on Unmanned Aircraft Systems, ICUAS 2017",Conference Paper
2017,356,"2017 International Conference on Unmanned Aircraft Systems, ICUAS 2017",Conference Paper
2020,241,"2018 IEEE Nuclear and Space Radiation Effects Conference, NSREC 2018",Conference Paper
2016,241,"2018 IEEE Nuclear and Space Radiation Effects Conference, NSREC 2018",Conference Paper
2017,241,"2018 IEEE Nuclear and Space Radiation Effects Conference, NSREC 2018",Conference Paper
2015,241,"2018 IEEE Nuclear and Space Radiation Effects Conference, NSREC 2018",Conference Paper
2019,391,"Carbon Management Technology Conference, CMTC 2017: Global CCUS Innovation Nexus",Conference Paper
2020,391,"Carbon Management Technology Conference, CMTC 2017: Global CCUS Innovation Nexus",Conference Paper
2017,391,"Carbon Management Technology Conference, CMTC 2017: Global CCUS Innovation Nexus",Conference Paper
2019,95,Geotechnical Special Publication,Conference Paper
2018,95,Geotechnical Special Publication,Conference Paper
2017,95,Geotechnical Special Publication,Conference Paper
2016,95,Geotechnical Special Publication,Conference Paper
2018,247,Theoretical and Computational Fluid Dynamics,Conference Paper
2017,247,Theoretical and Computational Fluid Dynamics,Conference Paper
2019,100,"Journal of Fluids Engineering, Transactions of the ASME",Journal
2018,100,"Journal of Fluids Engineering, Transactions of the ASME",Journal
2017,100,"Journal of Fluids Engineering, Transactions of the ASME",Journal
2020,159,Multimedia Tools and Applications,Conference Paper
2018,159,Multimedia Tools and Applications,Conference Paper
2017,159,Multimedia Tools and Applications,Conference Paper
2018,254,Biochemical Engineering Journal,Journal
2017,254,Biochemical Engineering Journal,Journal
2015,254,Biochemical Engineering Journal,Journal
2020,175,FPGA 2019 - Proceedings of the 2019 ACM/SIGDA International Symposium on Field-Programmable Gate Arrays,Conference Paper
2019,175,FPGA 2019 - Proceedings of the 2019 ACM/SIGDA International Symposium on Field-Programmable Gate Arrays,Conference Paper
2018,175,FPGA 2019 - Proceedings of the 2019 ACM/SIGDA International Symposium on Field-Programmable Gate Arrays,Conference Paper
2017,175,FPGA 2019 - Proceedings of the 2019 ACM/SIGDA International Symposium on Field-Programmable Gate Arrays,Conference Paper
2016,175,FPGA 2019 - Proceedings of the 2019 ACM/SIGDA International Symposium on Field-Programmable Gate Arrays,Conference Paper
2018,268,"ACM-BCB 2018 - Proceedings of the 2018 ACM International Conference on Bioinformatics, Computational Biology, and Health Informatics",Conference Paper
2017,268,"ACM-BCB 2018 - Proceedings of the 2018 ACM International Conference on Bioinformatics, Computational Biology, and Health Informatics",Conference Paper
2018,180,Journal of the Mechanical Behavior of Biomedical Materials,Journal
2017,180,Journal of the Mechanical Behavior of Biomedical Materials,Journal
2018,275,"Learning, Media and Technology",Conference Paper
2020,275,"Learning, Media and Technology",Conference Paper
2019,275,"Learning, Media and Technology",Conference Paper
2016,275,"Learning, Media and Technology",Conference Paper
2019,136,Journal of Structural Engineering (United States),Journal
2018,136,Journal of Structural Engineering (United States),Journal
2017,136,Journal of Structural Engineering (United States),Journal
2015,136,Journal of Structural Engineering (United States),Journal
2020,202,CAMX 2019 - Composites and Advanced Materials Expo,Conference Paper
2018,202,CAMX 2019 - Composites and Advanced Materials Expo,Conference Paper
2016,202,CAMX 2019 - Composites and Advanced Materials Expo,Conference Paper
2017,202,CAMX 2019 - Composites and Advanced Materials Expo,Conference Paper
2015,202,CAMX 2019 - Composites and Advanced Materials Expo,Conference Paper
2019,71,Nature Biotechnology,Conference Paper
2018,71,Nature Biotechnology,Conference Paper
2016,71,Nature Biotechnology,Conference Paper
2019,39,Footwear Science,Conference Paper
2017,39,Footwear Science,Conference Paper
2018,39,Footwear Science,Conference Paper
2015,39,Footwear Science,Conference Paper
2018,44,Nano Research,Conference Paper
2019,44,Nano Research,Conference Paper
2016,44,Nano Research,Conference Paper
2017,44,Nano Research,Conference Paper
2018,342,"Proceedings - 2017 IEEE Cybersecurity Development Conference, SecDev 2017",Conference Paper
2016,342,"Proceedings - 2017 IEEE Cybersecurity Development Conference, SecDev 2017",Conference Paper
2018,235,Journal of Spacecraft and Rockets,Journal
2016,235,Journal of Spacecraft and Rockets,Journal
2020,174,Nano Futures,Conference Paper
2019,174,Nano Futures,Conference Paper
2017,174,Nano Futures,Conference Paper
2018,174,Nano Futures,Conference Paper
2019,310,Transactions of the American Nuclear Society,Conference Paper
2017,310,Transactions of the American Nuclear Society,Conference Paper
2018,384,Journal of Tissue Engineering,Journal
2020,384,Journal of Tissue Engineering,Journal
2019,384,Journal of Tissue Engineering,Journal
2017,384,Journal of Tissue Engineering,Journal
2018,216,Advances in Heat Transfer,Conference Paper
2019,216,Advances in Heat Transfer,Conference Paper
2016,216,Advances in Heat Transfer,Conference Paper
2019,191,"Proceedings of the 21st International Conference on Engineering and Product Design Education: Towards a New Innovation Landscape, E and PDE 2019",Conference Paper
2017,191,"Proceedings of the 21st International Conference on Engineering and Product Design Education: Towards a New Innovation Landscape, E and PDE 2019",Conference Paper
2015,191,"Proceedings of the 21st International Conference on Engineering and Product Design Education: Towards a New Innovation Landscape, E and PDE 2019",Conference Paper
2016,191,"Proceedings of the 21st International Conference on Engineering and Product Design Education: Towards a New Innovation Landscape, E and PDE 2019",Conference Paper
2018,303,2018 Applied Aerodynamics Conference,Conference Paper
2020,303,2018 Applied Aerodynamics Conference,Conference Paper
2017,303,2018 Applied Aerodynamics Conference,Conference Paper
2015,303,2018 Applied Aerodynamics Conference,Conference Paper
2018,167,Journal of Materials Science and Technology,Journal
2017,167,Journal of Materials Science and Technology,Journal
2016,167,Journal of Materials Science and Technology,Journal
2018,321,Pacific Symposium on Biocomputing,Conference Paper
2017,321,Pacific Symposium on Biocomputing,Conference Paper
2016,321,Pacific Symposium on Biocomputing,Conference Paper
2018,368,Journal of Management in Engineering,Journal
2016,368,Journal of Management in Engineering,Journal
2019,125,"IEEE International Conference on Emerging Technologies and Factory Automation, ETFA",Conference Paper
2018,272,Proceedings - IEEE Symposium on Security and Privacy,Conference Paper
2017,272,Proceedings - IEEE Symposium on Security and Privacy,Conference Paper
2019,144,Mechanical Engineering,Conference Paper
2018,144,Mechanical Engineering,Conference Paper
2019,51,IEEE International Reliability Physics Symposium Proceedings,Conference Paper
2016,51,IEEE International Reliability Physics Symposium Proceedings,Conference Paper
2017,51,IEEE International Reliability Physics Symposium Proceedings,Conference Paper
2020,374,Structural and Multidisciplinary Optimization,Conference Paper
2017,374,Structural and Multidisciplinary Optimization,Conference Paper
2016,374,Structural and Multidisciplinary Optimization,Conference Paper
2019,199,"Proceedings of the 14th Symposium on Usable Privacy and Security, SOUPS 2018",Conference Paper
2018,199,"Proceedings of the 14th Symposium on Usable Privacy and Security, SOUPS 2018",Conference Paper
2015,199,"Proceedings of the 14th Symposium on Usable Privacy and Security, SOUPS 2018",Conference Paper
2019,56,ACS Applied Energy Materials,Conference Paper
2018,56,ACS Applied Energy Materials,Conference Paper
2017,56,ACS Applied Energy Materials,Conference Paper
2016,56,ACS Applied Energy Materials,Conference Paper
2015,56,ACS Applied Energy Materials,Conference Paper
2018,287,Journal of Homeland Security and Emergency Management,Journal
2016,287,Journal of Homeland Security and Emergency Management,Journal
2017,287,Journal of Homeland Security and Emergency Management,Journal
2018,394,Polyploidy and Hybridization for Crop Improvement,Conference Paper
2019,394,Polyploidy and Hybridization for Crop Improvement,Conference Paper
2016,394,Polyploidy and Hybridization for Crop Improvement,Conference Paper
2020,313,"2018 Aviation Technology, Integration, and Operations Conference",Conference Paper
2017,313,"2018 Aviation Technology, Integration, and Operations Conference",Conference Paper
2019,313,"2018 Aviation Technology, Integration, and Operations Conference",Conference Paper
2016,313,"2018 Aviation Technology, Integration, and Operations Conference",Conference Paper
2019,127,Applied Optics,Conference Paper
2018,127,Applied Optics,Conference Paper
2017,127,Applied Optics,Conference Paper
2015,127,Applied Optics,Conference Paper
2018,340,Journal of Reinforced Plastics and Composites,Journal
2017,340,Journal of Reinforced Plastics and Composites,Journal
2016,340,Journal of Reinforced Plastics and Composites,Journal
2018,123,Journal of Cognitive Engineering and Decision Making,Journal
2017,123,Journal of Cognitive Engineering and Decision Making,Journal
2020,41,Conference Proceedings - Lasers and Electro-Optics Society Annual Meeting-LEOS,Conference Paper
2018,41,Conference Proceedings - Lasers and Electro-Optics Society Annual Meeting-LEOS,Conference Paper
2017,41,Conference Proceedings - Lasers and Electro-Optics Society Annual Meeting-LEOS,Conference Paper
2016,41,Conference Proceedings - Lasers and Electro-Optics Society Annual Meeting-LEOS,Conference Paper
2019,338,IEEE/ACM Transactions on Audio Speech and Language Processing,Conference Paper
2018,338,IEEE/ACM Transactions on Audio Speech and Language Processing,Conference Paper
2017,338,IEEE/ACM Transactions on Audio Speech and Language Processing,Conference Paper
2016,338,IEEE/ACM Transactions on Audio Speech and Language Processing,Conference Paper
2019,97,IEEE Aerospace and Electronic Systems Magazine,Conference Paper
2018,97,IEEE Aerospace and Electronic Systems Magazine,Conference Paper
2020,213,"SEFI 47th Annual Conference: Varietas Delectat... Complexity is the New Normality, Proceedings",Conference Paper
2019,213,"SEFI 47th Annual Conference: Varietas Delectat... Complexity is the New Normality, Proceedings",Conference Paper
2018,213,"SEFI 47th Annual Conference: Varietas Delectat... Complexity is the New Normality, Proceedings",Conference Paper
2016,213,"SEFI 47th Annual Conference: Varietas Delectat... Complexity is the New Normality, Proceedings",Conference Paper
2015,213,"SEFI 47th Annual Conference: Varietas Delectat... Complexity is the New Normality, Proceedings",Conference Paper
2020,274,Research Technology Management,Conference Paper
2018,274,Research Technology Management,Conference Paper
2016,274,Research Technology Management,Conference Paper
2018,47,Electronics (Switzerland),Conference Paper
2016,47,Electronics (Switzerland),Conference Paper
2015,47,Electronics (Switzerland),Conference Paper
2020,282,"12th Annual IEEE International Systems Conference, SysCon 2018 - Proceedings",Conference Paper
2018,282,"12th Annual IEEE International Systems Conference, SysCon 2018 - Proceedings",Conference Paper
2019,282,"12th Annual IEEE International Systems Conference, SysCon 2018 - Proceedings",Conference Paper
2018,131,Composite Structures,Conference Paper
2019,131,Composite Structures,Conference Paper
2017,131,Composite Structures,Conference Paper
2018,197,"Proceedings of the 13th Symposium on Usable Privacy and Security, SOUPS 2017",Conference Paper
2020,197,"Proceedings of the 13th Symposium on Usable Privacy and Security, SOUPS 2017",Conference Paper
2015,197,"Proceedings of the 13th Symposium on Usable Privacy and Security, SOUPS 2017",Conference Paper
2019,322,"Wind Energy Symposium, 2018",Conference Paper
2018,322,"Wind Energy Symposium, 2018",Conference Paper
2017,322,"Wind Energy Symposium, 2018",Conference Paper
2016,322,"Wind Energy Symposium, 2018",Conference Paper
2015,322,"Wind Energy Symposium, 2018",Conference Paper
2018,253,"2018 IEEE 3rd International Verification and Security Workshop, IVSW 2018",Conference Paper
2019,253,"2018 IEEE 3rd International Verification and Security Workshop, IVSW 2018",Conference Paper
2016,253,"2018 IEEE 3rd International Verification and Security Workshop, IVSW 2018",Conference Paper
2018,166,Journal of Heat Transfer,Journal
2019,166,Journal of Heat Transfer,Journal
2017,166,Journal of Heat Transfer,Journal
2016,166,Journal of Heat Transfer,Journal
2019,6,Electric Power Systems Research,Conference Paper
2018,6,Electric Power Systems Research,Conference Paper
2017,6,Electric Power Systems Research,Conference Paper
2018,398,"23rd AIAA/CEAS Aeroacoustics Conference, 2017",Conference Paper
2019,19,JOM,Conference Paper
2018,19,JOM,Conference Paper
2020,157,"2019 Conference on Lasers and Electro-Optics, CLEO 2019 - Proceedings",Conference Paper
2019,157,"2019 Conference on Lasers and Electro-Optics, CLEO 2019 - Proceedings",Conference Paper
2017,157,"2019 Conference on Lasers and Electro-Optics, CLEO 2019 - Proceedings",Conference Paper
2016,157,"2019 Conference on Lasers and Electro-Optics, CLEO 2019 - Proceedings",Conference Paper
2019,212,"11th International Symposium on Turbulence and Shear Flow Phenomena, TSFP 2019",Conference Paper
2018,212,"11th International Symposium on Turbulence and Shear Flow Phenomena, TSFP 2019",Conference Paper
2017,212,"11th International Symposium on Turbulence and Shear Flow Phenomena, TSFP 2019",Conference Paper
2019,337,Annals of Biomedical Engineering,Conference Paper
2017,337,Annals of Biomedical Engineering,Conference Paper
2016,337,Annals of Biomedical Engineering,Conference Paper
2018,228,Cartilage,Conference Paper
2020,228,Cartilage,Conference Paper
2019,404,Innovations in Dryland Agriculture,Conference Paper
2018,404,Innovations in Dryland Agriculture,Conference Paper
2016,404,Innovations in Dryland Agriculture,Conference Paper
2017,404,Innovations in Dryland Agriculture,Conference Paper
2015,404,Innovations in Dryland Agriculture,Conference Paper
2019,141,Metallurgical and Materials Transactions A: Physical Metallurgy and Materials Science,Conference Paper
2018,141,Metallurgical and Materials Transactions A: Physical Metallurgy and Materials Science,Conference Paper
2016,141,Metallurgical and Materials Transactions A: Physical Metallurgy and Materials Science,Conference Paper
2018,276,Journal of Engineering Education,Journal
2020,89,IEEE Access,Conference Paper
2018,89,IEEE Access,Conference Paper
2019,89,IEEE Access,Conference Paper
2019,266,"2018 International Conference on Unmanned Aircraft Systems, ICUAS 2018",Conference Paper
2018,266,"2018 International Conference on Unmanned Aircraft Systems, ICUAS 2018",Conference Paper
2020,290,Journal of Biophotonics,Journal
2017,290,Journal of Biophotonics,Journal
2015,290,Journal of Biophotonics,Journal
2018,237,Proceedings of the International Symposium on Radiative Transfer,Conference Paper
2016,237,Proceedings of the International Symposium on Radiative Transfer,Conference Paper
2019,58,Applied Energy,Conference Paper
2017,58,Applied Energy,Conference Paper
2018,66,Journal of Materials Science,Journal
2019,66,Journal of Materials Science,Journal
2017,66,Journal of Materials Science,Journal
2020,263,International Journal of Technology and Design Education,Journal
2018,263,International Journal of Technology and Design Education,Journal
2017,263,International Journal of Technology and Design Education,Journal
2016,263,International Journal of Technology and Design Education,Journal
2019,173,Nano Energy,Conference Paper
2018,173,Nano Energy,Conference Paper
2017,173,Nano Energy,Conference Paper
2018,261,Applied Nanoscience (Switzerland),Conference Paper
2017,261,Applied Nanoscience (Switzerland),Conference Paper
2018,225,International Journal of Masonry Research and Innovation,Journal
2018,103,npj Computational Materials,Conference Paper
2019,103,npj Computational Materials,Conference Paper
2017,103,npj Computational Materials,Conference Paper
2015,103,npj Computational Materials,Conference Paper
2018,264,Diamond and Related Materials,Conference Paper
2017,264,Diamond and Related Materials,Conference Paper
2016,264,Diamond and Related Materials,Conference Paper
2019,168,IEEE Vehicular Technology Conference,Conference Paper
2017,168,IEEE Vehicular Technology Conference,Conference Paper
2016,168,IEEE Vehicular Technology Conference,Conference Paper
2019,326,Proceedings of the International Conference on Offshore Mechanics and Arctic Engineering - OMAE,Conference Paper
2019,117,Soil Dynamics and Earthquake Engineering,Conference Paper
2018,117,Soil Dynamics and Earthquake Engineering,Conference Paper
2017,117,Soil Dynamics and Earthquake Engineering,Conference Paper
2015,117,Soil Dynamics and Earthquake Engineering,Conference Paper
2019,88,Journal of Fluid Mechanics,Journal
2018,88,Journal of Fluid Mechanics,Journal
2018,401,International Symposium on Advances in Computational Heat Transfer,Conference Paper
2017,401,International Symposium on Advances in Computational Heat Transfer,Conference Paper
2019,401,International Symposium on Advances in Computational Heat Transfer,Conference Paper
2015,401,International Symposium on Advances in Computational Heat Transfer,Conference Paper
2018,278,IOP Conference Series: Materials Science and Engineering,Conference Paper
2019,396,Society of Petroleum Engineers - SPE Bergen One Day Seminar 2017,Conference Paper
2020,396,Society of Petroleum Engineers - SPE Bergen One Day Seminar 2017,Conference Paper
2017,396,Society of Petroleum Engineers - SPE Bergen One Day Seminar 2017,Conference Paper
2018,396,Society of Petroleum Engineers - SPE Bergen One Day Seminar 2017,Conference Paper
2019,239,Advances in Space Research,Conference Paper
2018,239,Advances in Space Research,Conference Paper
2017,239,Advances in Space Research,Conference Paper
2020,49,ACS Applied Bio Materials,Conference Paper
2018,49,ACS Applied Bio Materials,Conference Paper
2017,49,ACS Applied Bio Materials,Conference Paper
2018,84,Journal of Dynamic Behavior of Materials,Journal
2020,84,Journal of Dynamic Behavior of Materials,Journal
2017,84,Journal of Dynamic Behavior of Materials,Journal
2018,305,"AIAA/ASCE/AHS/ASC Structures, Structural Dynamics, and Materials Conference, 2018",Conference Paper
2016,305,"AIAA/ASCE/AHS/ASC Structures, Structural Dynamics, and Materials Conference, 2018",Conference Paper
2018,329,"Pipelines 2018: Utility Engineering, Surveying, and Multidisciplinary Topics - Proceedings of Sessions of the Pipelines 2018 Conference",Conference Paper
2015,329,"Pipelines 2018: Utility Engineering, Surveying, and Multidisciplinary Topics - Proceedings of Sessions of the Pipelines 2018 Conference",Conference Paper
2018,133,IEEE Radiation Effects Data Workshop,Conference Paper
2019,133,IEEE Radiation Effects Data Workshop,Conference Paper
2017,133,IEEE Radiation Effects Data Workshop,Conference Paper
2018,246,Chinese Journal of Mechanical Engineering (English Edition),Journal
2019,246,Chinese Journal of Mechanical Engineering (English Edition),Journal
2017,246,Chinese Journal of Mechanical Engineering (English Edition),Journal
2015,246,Chinese Journal of Mechanical Engineering (English Edition),Journal
2016,246,Chinese Journal of Mechanical Engineering (English Edition),Journal
2019,332,Space Safety and Human Performance,Conference Paper
2017,332,Space Safety and Human Performance,Conference Paper
2016,332,Space Safety and Human Performance,Conference Paper
2015,332,Space Safety and Human Performance,Conference Paper
2019,220,"Journal of Micro/ Nanolithography, MEMS, and MOEMS",Journal
2018,220,"Journal of Micro/ Nanolithography, MEMS, and MOEMS",Journal
2016,220,"Journal of Micro/ Nanolithography, MEMS, and MOEMS",Journal
2015,220,"Journal of Micro/ Nanolithography, MEMS, and MOEMS",Journal
2020,360,"Proceedings - 2017 IEEE 17th International Conference on Bioinformatics and Bioengineering, BIBE 2017",Conference Paper
2017,360,"Proceedings - 2017 IEEE 17th International Conference on Bioinformatics and Bioengineering, BIBE 2017",Conference Paper
2016,360,"Proceedings - 2017 IEEE 17th International Conference on Bioinformatics and Bioengineering, BIBE 2017",Conference Paper
2019,257,Proceedings of the International Symposium on Wireless Communication Systems,Conference Paper
2018,257,Proceedings of the International Symposium on Wireless Communication Systems,Conference Paper
2016,257,Proceedings of the International Symposium on Wireless Communication Systems,Conference Paper
2017,257,Proceedings of the International Symposium on Wireless Communication Systems,Conference Paper
2018,389,AAAI Workshop - Technical Report,Conference Paper
2017,389,AAAI Workshop - Technical Report,Conference Paper
2016,389,AAAI Workshop - Technical Report,Conference Paper
2018,269,IEEE Photonics Technology Letters,Conference Paper
2019,269,IEEE Photonics Technology Letters,Conference Paper
2017,269,IEEE Photonics Technology Letters,Conference Paper
2019,64,Journal of Electromagnetic Waves and Applications,Journal
2017,64,Journal of Electromagnetic Waves and Applications,Journal
2018,64,Journal of Electromagnetic Waves and Applications,Journal
2016,64,Journal of Electromagnetic Waves and Applications,Journal
2018,219,Design Science,Conference Paper
2016,219,Design Science,Conference Paper
2017,219,Design Science,Conference Paper
2020,110,Signal Processing: Image Communication,Conference Paper
2018,110,Signal Processing: Image Communication,Conference Paper
2016,110,Signal Processing: Image Communication,Conference Paper
2019,11,Journal of Cleaner Production,Journal
2018,11,Journal of Cleaner Production,Journal
2017,11,Journal of Cleaner Production,Journal
2016,11,Journal of Cleaner Production,Journal
2018,301,"2017 IEEE 56th Annual Conference on Decision and Control, CDC 2017",Conference Paper
2016,301,"2017 IEEE 56th Annual Conference on Decision and Control, CDC 2017",Conference Paper
2015,301,"2017 IEEE 56th Annual Conference on Decision and Control, CDC 2017",Conference Paper
2018,111,Smart Materials and Structures,Conference Paper
2017,111,Smart Materials and Structures,Conference Paper
2016,111,Smart Materials and Structures,Conference Paper
2019,203,Proceedings of the ASME Design Engineering Technical Conference,Conference Paper
2018,203,Proceedings of the ASME Design Engineering Technical Conference,Conference Paper
2015,203,Proceedings of the ASME Design Engineering Technical Conference,Conference Paper
2019,189,"ASME International Mechanical Engineering Congress and Exposition, Proceedings (IMECE)",Conference Paper
2018,189,"ASME International Mechanical Engineering Congress and Exposition, Proceedings (IMECE)",Conference Paper
2017,189,"ASME International Mechanical Engineering Congress and Exposition, Proceedings (IMECE)",Conference Paper
2015,189,"ASME International Mechanical Engineering Congress and Exposition, Proceedings (IMECE)",Conference Paper
2018,314,International Conference on Transportation and Development 2018: Traffic and Freight Operations and Rail and Public Transit - Selected Papers from the International Conference on Transportation and Development 2018,Conference Paper
2015,314,International Conference on Transportation and Development 2018: Traffic and Freight Operations and Rail and Public Transit - Selected Papers from the International Conference on Transportation and Development 2018,Conference Paper
2018,4,Journal of Computing and Information Science in Engineering,Journal
2015,4,Journal of Computing and Information Science in Engineering,Journal
2019,330,Environmental Division 2018 - Core Programming Area at the 2018 AIChE Annual Meeting,Conference Paper
2018,330,Environmental Division 2018 - Core Programming Area at the 2018 AIChE Annual Meeting,Conference Paper
2017,330,Environmental Division 2018 - Core Programming Area at the 2018 AIChE Annual Meeting,Conference Paper
2016,330,Environmental Division 2018 - Core Programming Area at the 2018 AIChE Annual Meeting,Conference Paper
2019,98,Archive for Rational Mechanics and Analysis,Conference Paper
2018,98,Archive for Rational Mechanics and Analysis,Conference Paper
2020,140,OSA Continuum,Conference Paper
2017,140,OSA Continuum,Conference Paper
2019,140,OSA Continuum,Conference Paper
2018,140,OSA Continuum,Conference Paper
2016,140,OSA Continuum,Conference Paper
2019,308,"2018 Solid-State Sensors, Actuators and Microsystems Workshop, Hilton Head 2018",Conference Paper
2020,308,"2018 Solid-State Sensors, Actuators and Microsystems Workshop, Hilton Head 2018",Conference Paper
2016,308,"2018 Solid-State Sensors, Actuators and Microsystems Workshop, Hilton Head 2018",Conference Paper
2017,308,"2018 Solid-State Sensors, Actuators and Microsystems Workshop, Hilton Head 2018",Conference Paper
2020,402,"AIAA SPACE and Astronautics Forum and Exposition, SPACE 2017",Conference Paper
2018,402,"AIAA SPACE and Astronautics Forum and Exposition, SPACE 2017",Conference Paper
2017,402,"AIAA SPACE and Astronautics Forum and Exposition, SPACE 2017",Conference Paper
2015,402,"AIAA SPACE and Astronautics Forum and Exposition, SPACE 2017",Conference Paper
2016,402,"AIAA SPACE and Astronautics Forum and Exposition, SPACE 2017",Conference Paper
2020,324,"2018 Spring Technical Meeting of the Western States Section of the Combustion Institute, WSSCI 2018",Conference Paper
2019,324,"2018 Spring Technical Meeting of the Western States Section of the Combustion Institute, WSSCI 2018",Conference Paper
2016,324,"2018 Spring Technical Meeting of the Western States Section of the Combustion Institute, WSSCI 2018",Conference Paper
2017,324,"2018 Spring Technical Meeting of the Western States Section of the Combustion Institute, WSSCI 2018",Conference Paper
2015,324,"2018 Spring Technical Meeting of the Western States Section of the Combustion Institute, WSSCI 2018",Conference Paper
2020,10,Nanotechnology,Conference Paper
2017,10,Nanotechnology,Conference Paper
2016,10,Nanotechnology,Conference Paper
2015,10,Nanotechnology,Conference Paper
2018,154,Journal of Biological Engineering,Journal
2020,154,Journal of Biological Engineering,Journal
2017,154,Journal of Biological Engineering,Journal
2018,147,"Proceedings - 4th IEEE European Symposium on Security and Privacy Workshops, EUROS and PW 2019",Conference Paper
2020,53,IEEE Antennas and Propagation Magazine,Conference Paper
2019,53,IEEE Antennas and Propagation Magazine,Conference Paper
2018,53,IEEE Antennas and Propagation Magazine,Conference Paper
2016,53,IEEE Antennas and Propagation Magazine,Conference Paper
2017,53,IEEE Antennas and Propagation Magazine,Conference Paper
2015,53,IEEE Antennas and Propagation Magazine,Conference Paper
2018,403,IEEE Transactions on Control of Network Systems,Conference Paper
2016,403,IEEE Transactions on Control of Network Systems,Conference Paper
2018,336,IEEE International Conference on Intelligent Robots and Systems,Conference Paper
2017,336,IEEE International Conference on Intelligent Robots and Systems,Conference Paper
2018,388,SpringerBriefs in Applied Sciences and Technology,Conference Paper
2017,388,SpringerBriefs in Applied Sciences and Technology,Conference Paper
2016,388,SpringerBriefs in Applied Sciences and Technology,Conference Paper
2020,379,Proceedings of the 26th USENIX Security Symposium,Conference Paper
2017,379,Proceedings of the 26th USENIX Security Symposium,Conference Paper
2018,379,Proceedings of the 26th USENIX Security Symposium,Conference Paper
2016,379,Proceedings of the 26th USENIX Security Symposium,Conference Paper
2020,358,"2017 17th European Conference on Radiation and Its Effects on Components and Systems, RADECS 2017",Conference Paper
2015,358,"2017 17th European Conference on Radiation and Its Effects on Components and Systems, RADECS 2017",Conference Paper
2018,221,Nanoscale Advances,Conference Paper
2017,221,Nanoscale Advances,Conference Paper
2016,221,Nanoscale Advances,Conference Paper
2018,217,"Computing and Systems Technology Division 2019, Held at the 2019 AIChE Spring Meeting and 15th Global Congress on Process Safety",Conference Paper
2017,217,"Computing and Systems Technology Division 2019, Held at the 2019 AIChE Spring Meeting and 15th Global Congress on Process Safety",Conference Paper
2018,85,Journal of Aerospace Information Systems,Journal
2015,85,Journal of Aerospace Information Systems,Journal
2019,24,International Journal of Robotics Research,Journal
2019,188,AIAA Scitech 2019 Forum,Conference Paper
2017,188,AIAA Scitech 2019 Forum,Conference Paper
2016,188,AIAA Scitech 2019 Forum,Conference Paper
2018,196,"Proceedings of the 15th Symposium on Usable Privacy and Security, SOUPS 2019",Conference Paper
2019,196,"Proceedings of the 15th Symposium on Usable Privacy and Security, SOUPS 2019",Conference Paper
2017,196,"Proceedings of the 15th Symposium on Usable Privacy and Security, SOUPS 2019",Conference Paper
2018,67,International Journal of Heat and Mass Transfer,Journal
2017,67,International Journal of Heat and Mass Transfer,Journal
2019,383,10th U.S. National Combustion Meeting,Conference Paper
2017,383,10th U.S. National Combustion Meeting,Conference Paper
2016,383,10th U.S. National Combustion Meeting,Conference Paper
2020,316,Journal of Thermophysics and Heat Transfer,Journal
2016,316,Journal of Thermophysics and Heat Transfer,Journal
2018,316,Journal of Thermophysics and Heat Transfer,Journal
2020,297,Lowland Technology International,Conference Paper
2019,297,Lowland Technology International,Conference Paper
2016,297,Lowland Technology International,Conference Paper
2017,297,Lowland Technology International,Conference Paper
2019,121,Optical Engineering,Conference Paper
2017,121,Optical Engineering,Conference Paper
2020,74,Journal of Nanobiotechnology,Journal
2018,74,Journal of Nanobiotechnology,Journal
2019,74,Journal of Nanobiotechnology,Journal
2017,74,Journal of Nanobiotechnology,Journal
2016,74,Journal of Nanobiotechnology,Journal
2020,181,IEEE Transactions on Circuits and Systems II: Express Briefs,Conference Paper
2018,181,IEEE Transactions on Circuits and Systems II: Express Briefs,Conference Paper
2016,181,IEEE Transactions on Circuits and Systems II: Express Briefs,Conference Paper
2017,181,IEEE Transactions on Circuits and Systems II: Express Briefs,Conference Paper
2019,277,"Journal of Astronomical Telescopes, Instruments, and Systems",Journal
2015,277,"Journal of Astronomical Telescopes, Instruments, and Systems",Journal
2018,2,Lecture Notes in Electrical Engineering,Conference Paper
2019,2,Lecture Notes in Electrical Engineering,Conference Paper
2017,2,Lecture Notes in Electrical Engineering,Conference Paper
2019,387,Computing and Systems Technology Division 2017 - Core Programming Area at the 2017 AIChE Spring Meeting and 13th Global Congress on Process Safety,Conference Paper
2015,387,Computing and Systems Technology Division 2017 - Core Programming Area at the 2017 AIChE Spring Meeting and 13th Global Congress on Process Safety,Conference Paper
2018,259,Current Opinion in Biotechnology,Conference Paper
2017,259,Current Opinion in Biotechnology,Conference Paper
2019,320,33rd Technical Conference of the American Society for Composites 2018,Conference Paper
2016,320,33rd Technical Conference of the American Society for Composites 2018,Conference Paper
2017,320,33rd Technical Conference of the American Society for Composites 2018,Conference Paper
2018,30,Noise Control Engineering Journal,Journal
2016,30,Noise Control Engineering Journal,Journal
2017,30,Noise Control Engineering Journal,Journal
2019,50,SAE Technical Papers,Conference Paper
2018,50,SAE Technical Papers,Conference Paper
2018,33,IEEE Transactions on Nuclear Science,Conference Paper
2016,33,IEEE Transactions on Nuclear Science,Conference Paper
2019,209,IFAC-PapersOnLine,Conference Paper
2017,209,IFAC-PapersOnLine,Conference Paper
2018,209,IFAC-PapersOnLine,Conference Paper
2016,209,IFAC-PapersOnLine,Conference Paper
2018,107,Proceedings - IEEE Military Communications Conference MILCOM,Conference Paper
2017,107,Proceedings - IEEE Military Communications Conference MILCOM,Conference Paper
2019,242,"Proceedings - 2018 IEEE PES Innovative Smart Grid Technologies Conference Europe, ISGT-Europe 2018",Conference Paper
2017,242,"Proceedings - 2018 IEEE PES Innovative Smart Grid Technologies Conference Europe, ISGT-Europe 2018",Conference Paper
2018,242,"Proceedings - 2018 IEEE PES Innovative Smart Grid Technologies Conference Europe, ISGT-Europe 2018",Conference Paper
2019,218,Frontiers in Heat and Mass Transfer,Conference Paper
2018,218,Frontiers in Heat and Mass Transfer,Conference Paper
2016,218,Frontiers in Heat and Mass Transfer,Conference Paper
2017,218,Frontiers in Heat and Mass Transfer,Conference Paper
2017,170,"Proceedings of 11th International Conference on Bioinformatics and Computational Biology, BiCOB 2019",Conference Paper
2018,170,"Proceedings of 11th International Conference on Bioinformatics and Computational Biology, BiCOB 2019",Conference Paper
2016,170,"Proceedings of 11th International Conference on Bioinformatics and Computational Biology, BiCOB 2019",Conference Paper
2017,150,"2019 IEEE Milan PowerTech, PowerTech 2019",Conference Paper
2018,150,"2019 IEEE Milan PowerTech, PowerTech 2019",Conference Paper
2016,150,"2019 IEEE Milan PowerTech, PowerTech 2019",Conference Paper
2015,150,"2019 IEEE Milan PowerTech, PowerTech 2019",Conference Paper
2018,63,Computational Materials Science,Conference Paper
2017,63,Computational Materials Science,Conference Paper
2016,63,Computational Materials Science,Conference Paper
2015,63,Computational Materials Science,Conference Paper
2019,233,Mechanics Based Design of Structures and Machines,Conference Paper
2018,233,Mechanics Based Design of Structures and Machines,Conference Paper
2019,25,Journal of Water Process Engineering,Journal
2016,25,Journal of Water Process Engineering,Journal
2017,28,IEEE/CAA Journal of Automatica Sinica,Journal
2018,43,Additive Manufacturing,Conference Paper
2017,43,Additive Manufacturing,Conference Paper
2015,43,Additive Manufacturing,Conference Paper
2016,43,Additive Manufacturing,Conference Paper
2019,48,Energies,Conference Paper
2018,48,Energies,Conference Paper
2017,48,Energies,Conference Paper
2015,48,Energies,Conference Paper
2019,392,"35th Wind Energy Symposium, 2017",Conference Paper
2018,392,"35th Wind Energy Symposium, 2017",Conference Paper
2019,26,Quality Engineering,Conference Paper
2016,26,Quality Engineering,Conference Paper
2018,34,"IET Generation, Transmission and Distribution",Conference Paper
2019,34,"IET Generation, Transmission and Distribution",Conference Paper
2016,34,"IET Generation, Transmission and Distribution",Conference Paper
2017,61,"Sensors and Actuators, A: Physical",Conference Paper
2018,61,"Sensors and Actuators, A: Physical",Conference Paper
2016,61,"Sensors and Actuators, A: Physical",Conference Paper
2015,61,"Sensors and Actuators, A: Physical",Conference Paper
2017,331,"Pipelines 2018: Condition Assessment, Construction, and Rehabilitation - Proceedings of Sessions of the Pipelines 2018 Conference",Conference Paper
2019,331,"Pipelines 2018: Condition Assessment, Construction, and Rehabilitation - Proceedings of Sessions of the Pipelines 2018 Conference",Conference Paper
2016,331,"Pipelines 2018: Condition Assessment, Construction, and Rehabilitation - Proceedings of Sessions of the Pipelines 2018 Conference",Conference Paper
2019,390,IGLC 2017 - Proceedings of the 25th Annual Conference of the International Group for Lean Construction,Conference Paper
2017,390,IGLC 2017 - Proceedings of the 25th Annual Conference of the International Group for Lean Construction,Conference Paper
2016,390,IGLC 2017 - Proceedings of the 25th Annual Conference of the International Group for Lean Construction,Conference Paper
2019,31,Mechanism and Machine Theory,Conference Paper
2018,31,Mechanism and Machine Theory,Conference Paper
2017,31,Mechanism and Machine Theory,Conference Paper
2018,194,"Proceedings of the International Joint Conference on Autonomous Agents and Multiagent Systems, AAMAS",Conference Paper
2016,194,"Proceedings of the International Joint Conference on Autonomous Agents and Multiagent Systems, AAMAS",Conference Paper
2017,194,"Proceedings of the International Joint Conference on Autonomous Agents and Multiagent Systems, AAMAS",Conference Paper
2019,113,"Conference Proceedings - IEEE International Conference on Systems, Man and Cybernetics",Conference Paper
2017,113,"Conference Proceedings - IEEE International Conference on Systems, Man and Cybernetics",Conference Paper
2019,128,"Sensors and Actuators, B: Chemical",Conference Paper
2018,128,"Sensors and Actuators, B: Chemical",Conference Paper
2017,78,Computing in Science and Engineering,Conference Paper
2016,78,Computing in Science and Engineering,Conference Paper
2017,172,Journal of Materials Processing Technology,Journal
2019,172,Journal of Materials Processing Technology,Journal
2015,172,Journal of Materials Processing Technology,Journal
2019,46,International Journal of Bifurcation and Chaos,Journal
2017,46,International Journal of Bifurcation and Chaos,Journal
2018,14,Computer Methods in Applied Mechanics and Engineering,Conference Paper
2019,14,Computer Methods in Applied Mechanics and Engineering,Conference Paper
2017,14,Computer Methods in Applied Mechanics and Engineering,Conference Paper
2017,248,Experimental Thermal and Fluid Science,Conference Paper
2018,248,Experimental Thermal and Fluid Science,Conference Paper
2016,248,Experimental Thermal and Fluid Science,Conference Paper
2018,13,IEEE Robotics and Automation Letters,Conference Paper
2017,13,IEEE Robotics and Automation Letters,Conference Paper
2017,204,"Minerals, Metals and Materials Series",Conference Paper
2019,204,"Minerals, Metals and Materials Series",Conference Paper
2019,99,Synthetic and Systems Biotechnology,Conference Paper
2017,99,Synthetic and Systems Biotechnology,Conference Paper
2016,99,Synthetic and Systems Biotechnology,Conference Paper
2018,99,Synthetic and Systems Biotechnology,Conference Paper
2018,93,IEEE Transactions on Circuits and Systems I: Regular Papers,Conference Paper
2017,93,IEEE Transactions on Circuits and Systems I: Regular Papers,Conference Paper
2015,93,IEEE Transactions on Circuits and Systems I: Regular Papers,Conference Paper
2018,333,Journal of Healthcare Engineering,Journal
2016,333,Journal of Healthcare Engineering,Journal
2017,333,Journal of Healthcare Engineering,Journal
2018,328,"AIAA Modeling and Simulation Technologies Conference, 2018",Conference Paper
2017,328,"AIAA Modeling and Simulation Technologies Conference, 2018",Conference Paper
2015,328,"AIAA Modeling and Simulation Technologies Conference, 2018",Conference Paper
2017,138,IEEE Transactions on Geoscience and Remote Sensing,Conference Paper
2018,80,Computer-Aided Design and Applications,Conference Paper
2016,80,Computer-Aided Design and Applications,Conference Paper
2017,80,Computer-Aided Design and Applications,Conference Paper
2017,18,Applied Thermal Engineering,Conference Paper
2019,18,Applied Thermal Engineering,Conference Paper
2018,18,Applied Thermal Engineering,Conference Paper
2016,18,Applied Thermal Engineering,Conference Paper
2019,232,Masonry International,Conference Paper
2015,232,Masonry International,Conference Paper
2019,354,IEEE International Conference on Rehabilitation Robotics,Conference Paper
2017,42,Journal of Micromechanics and Microengineering,Journal
2019,300,IEEE Reviews in Biomedical Engineering,Conference Paper
2017,300,IEEE Reviews in Biomedical Engineering,Conference Paper
2018,96,Journal of Operations Management,Journal
2016,96,Journal of Operations Management,Journal
2018,195,"American Society of Mechanical Engineers, Power Division (Publication) POWER",Conference Paper
2016,195,"American Society of Mechanical Engineers, Power Division (Publication) POWER",Conference Paper
2017,195,"American Society of Mechanical Engineers, Power Division (Publication) POWER",Conference Paper
2019,163,Journal of Mechanisms and Robotics,Journal
2018,163,Journal of Mechanisms and Robotics,Journal
2016,163,Journal of Mechanisms and Robotics,Journal
2017,285,ACS Biomaterials Science and Engineering,Conference Paper
2018,285,ACS Biomaterials Science and Engineering,Conference Paper
2016,285,ACS Biomaterials Science and Engineering,Conference Paper
2019,293,"2017 8th International Conference on Information, Intelligence, Systems and Applications, IISA 2017",Conference Paper
2018,293,"2017 8th International Conference on Information, Intelligence, Systems and Applications, IISA 2017",Conference Paper
2015,293,"2017 8th International Conference on Information, Intelligence, Systems and Applications, IISA 2017",Conference Paper
2019,380,"30th International Technical Meeting of the Satellite Division of the Institute of Navigation, ION GNSS 2017",Conference Paper
2018,380,"30th International Technical Meeting of the Satellite Division of the Institute of Navigation, ION GNSS 2017",Conference Paper
2016,380,"30th International Technical Meeting of the Satellite Division of the Institute of Navigation, ION GNSS 2017",Conference Paper
2015,380,"30th International Technical Meeting of the Satellite Division of the Institute of Navigation, ION GNSS 2017",Conference Paper
2018,38,Materials Science and Engineering A,Conference Paper
2017,38,Materials Science and Engineering A,Conference Paper
2017,139,"Journal of Applied Mechanics, Transactions ASME",Journal
2018,139,"Journal of Applied Mechanics, Transactions ASME",Journal
2017,146,"2019 International Conference on Unmanned Aircraft Systems, ICUAS 2019",Conference Paper
2019,146,"2019 International Conference on Unmanned Aircraft Systems, ICUAS 2019",Conference Paper
2016,146,"2019 International Conference on Unmanned Aircraft Systems, ICUAS 2019",Conference Paper
2015,146,"2019 International Conference on Unmanned Aircraft Systems, ICUAS 2019",Conference Paper
2019,234,Proceedings of the International ISCRAM Conference,Conference Paper
2018,234,Proceedings of the International ISCRAM Conference,Conference Paper
2017,234,Proceedings of the International ISCRAM Conference,Conference Paper
2015,234,Proceedings of the International ISCRAM Conference,Conference Paper
2017,52,Micromachines,Conference Paper
2019,52,Micromachines,Conference Paper
2016,52,Micromachines,Conference Paper
2018,52,Micromachines,Conference Paper
2019,260,Journal of Defense Modeling and Simulation,Journal
2018,260,Journal of Defense Modeling and Simulation,Journal
2018,76,Mechanisms and Machine Science,Conference Paper
2015,76,Mechanisms and Machine Science,Conference Paper
2016,76,Mechanisms and Machine Science,Conference Paper
2017,350,Journal of Technology Education,Journal
2018,350,Journal of Technology Education,Journal
2015,350,Journal of Technology Education,Journal
2016,350,Journal of Technology Education,Journal
2018,87,IEEE Antennas and Wireless Propagation Letters,Conference Paper
2017,87,IEEE Antennas and Wireless Propagation Letters,Conference Paper
2017,15,IEEE Vehicular Technology Magazine,Conference Paper
2018,15,IEEE Vehicular Technology Magazine,Conference Paper
2018,190,Journal of Aircraft,Journal
2017,190,Journal of Aircraft,Journal
2019,190,Journal of Aircraft,Journal
2016,190,Journal of Aircraft,Journal
2018,306,"AIAA Aerospace Sciences Meeting, 2018",Conference Paper
2019,306,"AIAA Aerospace Sciences Meeting, 2018",Conference Paper
2016,306,"AIAA Aerospace Sciences Meeting, 2018",Conference Paper
2019,75,AIAA Scitech 2020 Forum,Conference Paper
2016,75,AIAA Scitech 2020 Forum,Conference Paper
2017,75,AIAA Scitech 2020 Forum,Conference Paper
2019,399,AIAA SciTech Forum - 55th AIAA Aerospace Sciences Meeting,Conference Paper
2017,399,AIAA SciTech Forum - 55th AIAA Aerospace Sciences Meeting,Conference Paper
2018,399,AIAA SciTech Forum - 55th AIAA Aerospace Sciences Meeting,Conference Paper
2016,399,AIAA SciTech Forum - 55th AIAA Aerospace Sciences Meeting,Conference Paper
2018,119,"ACM-BCB 2019 - Proceedings of the 10th ACM International Conference on Bioinformatics, Computational Biology and Health Informatics",Conference Paper
2017,119,"ACM-BCB 2019 - Proceedings of the 10th ACM International Conference on Bioinformatics, Computational Biology and Health Informatics",Conference Paper
2015,119,"ACM-BCB 2019 - Proceedings of the 10th ACM International Conference on Bioinformatics, Computational Biology and Health Informatics",Conference Paper
2018,244,"Journal of Electronic Packaging, Transactions of the ASME",Journal
2016,244,"Journal of Electronic Packaging, Transactions of the ASME",Journal
2019,104,"DATA 2019 - Proceedings of the 2nd ACM Workshop on Data Acquisition To Analysis, Part of SenSys 2019",Conference Paper
2017,104,"DATA 2019 - Proceedings of the 2nd ACM Workshop on Data Acquisition To Analysis, Part of SenSys 2019",Conference Paper
2019,289,"Philosophical Transactions of the Royal Society A: Mathematical, Physical and Engineering Sciences",Conference Paper
2017,289,"Philosophical Transactions of the Royal Society A: Mathematical, Physical and Engineering Sciences",Conference Paper
2016,289,"Philosophical Transactions of the Royal Society A: Mathematical, Physical and Engineering Sciences",Conference Paper
2017,70,Journal of Energy Storage,Journal
2016,70,Journal of Energy Storage,Journal
2019,353,International Journal of Human Computer Studies,Journal
2018,353,International Journal of Human Computer Studies,Journal
2016,353,International Journal of Human Computer Studies,Journal
2018,16,Journal of Nondestructive Evaluation,Journal
2019,16,Journal of Nondestructive Evaluation,Journal
2017,16,Journal of Nondestructive Evaluation,Journal
2017,187,Product Development: Principles and Tools for Creating Desirable and Transferable Designs,Conference Paper
2018,187,Product Development: Principles and Tools for Creating Desirable and Transferable Designs,Conference Paper
2019,187,Product Development: Principles and Tools for Creating Desirable and Transferable Designs,Conference Paper
2018,400,CAD Computer Aided Design,Conference Paper
2017,400,CAD Computer Aided Design,Conference Paper
2019,5,Telematics and Informatics,Conference Paper
2018,5,Telematics and Informatics,Conference Paper
2017,5,Telematics and Informatics,Conference Paper
2016,5,Telematics and Informatics,Conference Paper
2015,5,Telematics and Informatics,Conference Paper
2019,20,Midwest Symposium on Circuits and Systems,Conference Paper
2017,20,Midwest Symposium on Circuits and Systems,Conference Paper
2016,20,Midwest Symposium on Circuits and Systems,Conference Paper
2015,20,Midwest Symposium on Circuits and Systems,Conference Paper
2017,207,Biomicrofluidics,Conference Paper
2018,207,Biomicrofluidics,Conference Paper
2017,347,Journal of Traffic and Transportation Engineering (English Edition),Journal
2019,347,Journal of Traffic and Transportation Engineering (English Edition),Journal
2015,347,Journal of Traffic and Transportation Engineering (English Edition),Journal
2017,307,Proceedings of the 27th USENIX Security Symposium,Conference Paper
2019,307,Proceedings of the 27th USENIX Security Symposium,Conference Paper
2018,307,Proceedings of the 27th USENIX Security Symposium,Conference Paper
2016,307,Proceedings of the 27th USENIX Security Symposium,Conference Paper
2017,29,Journal of Biomechanical Engineering,Journal
2019,29,Journal of Biomechanical Engineering,Journal
2018,29,Journal of Biomechanical Engineering,Journal
2017,134,"Proceedings - 2019 IEEE Space Computing Conference, SCC 2019",Conference Paper
2018,134,"Proceedings - 2019 IEEE Space Computing Conference, SCC 2019",Conference Paper
2016,134,"Proceedings - 2019 IEEE Space Computing Conference, SCC 2019",Conference Paper
2015,134,"Proceedings - 2019 IEEE Space Computing Conference, SCC 2019",Conference Paper
2017,365,Biomaterials,Conference Paper
2019,365,Biomaterials,Conference Paper
2016,365,Biomaterials,Conference Paper
2017,145,Journal of Mechanics in Medicine and Biology,Journal
2018,145,Journal of Mechanics in Medicine and Biology,Journal
2016,145,Journal of Mechanics in Medicine and Biology,Journal
2018,223,"ASME 2019 Dynamic Systems and Control Conference, DSCC 2019",Conference Paper
2017,223,"ASME 2019 Dynamic Systems and Control Conference, DSCC 2019",Conference Paper
2019,142,"ASEE Annual Conference and Exposition, Conference Proceedings",Conference Paper
2016,142,"ASEE Annual Conference and Exposition, Conference Proceedings",Conference Paper
2018,319,International Journal of Engineering Education,Journal
2019,319,International Journal of Engineering Education,Journal
2016,319,International Journal of Engineering Education,Journal
2018,115,Journal of Construction Engineering and Management,Journal
2017,115,Journal of Construction Engineering and Management,Journal
2015,115,Journal of Construction Engineering and Management,Journal
2018,27,"Journal of Mechanical Design, Transactions of the ASME",Journal
2019,27,"Journal of Mechanical Design, Transactions of the ASME",Journal
2017,27,"Journal of Mechanical Design, Transactions of the ASME",Journal
2015,27,"Journal of Mechanical Design, Transactions of the ASME",Journal
2019,227,IEEE Transactions on Power Systems,Conference Paper
2016,227,IEEE Transactions on Power Systems,Conference Paper
2017,81,NDT and E International,Conference Paper
2018,81,NDT and E International,Conference Paper
2019,116,"51st North American Power Symposium, NAPS 2019",Conference Paper
2018,116,"51st North American Power Symposium, NAPS 2019",Conference Paper
2018,68,Microporous and Mesoporous Materials,Conference Paper
2017,68,Microporous and Mesoporous Materials,Conference Paper
2016,68,Microporous and Mesoporous Materials,Conference Paper
2019,255,Engineering Structures,Conference Paper
2015,255,Engineering Structures,Conference Paper
2019,299,FPGA 2018 - Proceedings of the 2018 ACM/SIGDA International Symposium on Field-Programmable Gate Arrays,Conference Paper
2017,299,FPGA 2018 - Proceedings of the 2018 ACM/SIGDA International Symposium on Field-Programmable Gate Arrays,Conference Paper
2015,299,FPGA 2018 - Proceedings of the 2018 ACM/SIGDA International Symposium on Field-Programmable Gate Arrays,Conference Paper
2018,183,"Proceedings - 17th IEEE International Conference on Machine Learning and Applications, ICMLA 2018",Conference Paper
2017,183,"Proceedings - 17th IEEE International Conference on Machine Learning and Applications, ICMLA 2018",Conference Paper
2015,183,"Proceedings - 17th IEEE International Conference on Machine Learning and Applications, ICMLA 2018",Conference Paper
2016,183,"Proceedings - 17th IEEE International Conference on Machine Learning and Applications, ICMLA 2018",Conference Paper
2019,165,Journal of Air Transportation,Journal
2017,165,Journal of Air Transportation,Journal
2018,165,Journal of Air Transportation,Journal
2019,343,Bioconjugate Chemistry,Conference Paper
2016,343,Bioconjugate Chemistry,Conference Paper
2018,72,Electronics Letters,Conference Paper
2017,72,Electronics Letters,Conference Paper
2018,294,Mechanics of Materials,Conference Paper
2017,294,Mechanics of Materials,Conference Paper
2017,265,Biomimetics,Conference Paper
2019,265,Biomimetics,Conference Paper
2018,265,Biomimetics,Conference Paper
2017,77,Journal of Composite Materials,Journal
2019,130,Materials and Design,Conference Paper
2017,130,Materials and Design,Conference Paper
2018,130,Materials and Design,Conference Paper
2015,130,Materials and Design,Conference Paper
2016,130,Materials and Design,Conference Paper
2017,386,"2017 Fall Technical Meeting of the Western States Section of the Combustion Institute, WSSCI 2017",Conference Paper
2015,386,"2017 Fall Technical Meeting of the Western States Section of the Combustion Institute, WSSCI 2017",Conference Paper
2018,348,IEEE Transactions on Learning Technologies,Conference Paper
2019,348,IEEE Transactions on Learning Technologies,Conference Paper
2017,348,IEEE Transactions on Learning Technologies,Conference Paper
2018,205,"Journal of Guidance, Control, and Dynamics",Journal
2019,90,Applied Mechanics Reviews,Conference Paper
2018,90,Applied Mechanics Reviews,Conference Paper
2017,90,Applied Mechanics Reviews,Conference Paper
2019,132,Research in Engineering Design,Conference Paper
2017,132,Research in Engineering Design,Conference Paper
2016,132,Research in Engineering Design,Conference Paper
2017,369,International Journal of Multiphase Flow,Journal
2018,369,International Journal of Multiphase Flow,Journal
2016,369,International Journal of Multiphase Flow,Journal
2018,1,Advances in Intelligent Systems and Computing,Conference Paper
2017,1,Advances in Intelligent Systems and Computing,Conference Paper
2016,1,Advances in Intelligent Systems and Computing,Conference Paper
2018,292,"Proceedings - 9th International Conference on Computational Intelligence and Communication Networks, CICN 2017",Conference Paper
2017,292,"Proceedings - 9th International Conference on Computational Intelligence and Communication Networks, CICN 2017",Conference Paper
2018,351,International Journal of Industrial Organization,Journal
2017,351,International Journal of Industrial Organization,Journal
2015,351,International Journal of Industrial Organization,Journal
2019,162,Analytical Methods,Conference Paper
2018,162,Analytical Methods,Conference Paper
2016,162,Analytical Methods,Conference Paper
2019,35,Quality and Reliability Engineering International,Conference Paper
2016,35,Quality and Reliability Engineering International,Conference Paper
2015,35,Quality and Reliability Engineering International,Conference Paper
2017,57,Drones,Conference Paper
2019,57,Drones,Conference Paper
2016,57,Drones,Conference Paper
2017,352,"Journal of Medical Devices, Transactions of the ASME",Journal
2016,352,"Journal of Medical Devices, Transactions of the ASME",Journal
2019,245,Tissue Engineering - Part B: Reviews,Conference Paper
2017,245,Tissue Engineering - Part B: Reviews,Conference Paper
2016,245,Tissue Engineering - Part B: Reviews,Conference Paper
2017,59,Proceedings of the Custom Integrated Circuits Conference,Conference Paper
2019,59,Proceedings of the Custom Integrated Circuits Conference,Conference Paper
2016,59,Proceedings of the Custom Integrated Circuits Conference,Conference Paper
2018,158,Osteoarthritis and Cartilage,Conference Paper
2017,158,Osteoarthritis and Cartilage,Conference Paper
2016,158,Osteoarthritis and Cartilage,Conference Paper
2018,366,SAE International Journal of Passenger Cars - Mechanical Systems,Journal
2017,366,SAE International Journal of Passenger Cars - Mechanical Systems,Journal
2016,366,SAE International Journal of Passenger Cars - Mechanical Systems,Journal
2019,273,Handbook of Thermal Science and Engineering,Conference Paper
2017,273,Handbook of Thermal Science and Engineering,Conference Paper
2018,198,International Conference on Transportation and Development 2019: Smarter and Safer Mobility and Cities - Selected Papers from the International Conference on Transportation and Development 2019,Conference Paper
2016,198,International Conference on Transportation and Development 2019: Smarter and Safer Mobility and Cities - Selected Papers from the International Conference on Transportation and Development 2019,Conference Paper
2017,198,International Conference on Transportation and Development 2019: Smarter and Safer Mobility and Cities - Selected Papers from the International Conference on Transportation and Development 2019,Conference Paper
2017,359,"Journal of Energy Resources Technology, Transactions of the ASME",Journal
2018,359,"Journal of Energy Resources Technology, Transactions of the ASME",Journal
2015,359,"Journal of Energy Resources Technology, Transactions of the ASME",Journal
2019,385,CAMX 2017 - Composites and Advanced Materials Expo,Conference Paper
2017,385,CAMX 2017 - Composites and Advanced Materials Expo,Conference Paper
2016,385,CAMX 2017 - Composites and Advanced Materials Expo,Conference Paper
2018,323,Nonlinear Ultrasonic and Vibro-Acoustical Techniques for Nondestructive Evaluation,Conference Paper
2019,323,Nonlinear Ultrasonic and Vibro-Acoustical Techniques for Nondestructive Evaluation,Conference Paper
2015,323,Nonlinear Ultrasonic and Vibro-Acoustical Techniques for Nondestructive Evaluation,Conference Paper
2018,231,Journal of Adhesion,Journal
2019,231,Journal of Adhesion,Journal
2017,231,Journal of Adhesion,Journal
2019,208,Proceedings of the ASME Turbo Expo,Conference Paper
2018,208,Proceedings of the ASME Turbo Expo,Conference Paper
2016,208,Proceedings of the ASME Turbo Expo,Conference Paper
2017,208,Proceedings of the ASME Turbo Expo,Conference Paper
2015,208,Proceedings of the ASME Turbo Expo,Conference Paper
2017,60,International Journal of Machine Tools and Manufacture,Journal
2018,161,Magnetic Resonance Imaging,Conference Paper
2017,161,Magnetic Resonance Imaging,Conference Paper
2017,37,Journal of Science Education and Technology,Journal
2018,37,Journal of Science Education and Technology,Journal
2018,83,Transportation Research Record,Conference Paper
2016,83,Transportation Research Record,Conference Paper
2015,83,Transportation Research Record,Conference Paper
2017,262,Biomedical Materials (Bristol),Conference Paper
2016,262,Biomedical Materials (Bristol),Conference Paper
2018,135,IEEE International Professional Communication Conference,Conference Paper
2019,135,IEEE International Professional Communication Conference,Conference Paper
2016,135,IEEE International Professional Communication Conference,Conference Paper
2018,184,Applied Sciences (Switzerland),Conference Paper
2016,184,Applied Sciences (Switzerland),Conference Paper
2017,101,"Proceedings - 18th IEEE International Conference on Machine Learning and Applications, ICMLA 2019",Conference Paper
2018,101,"Proceedings - 18th IEEE International Conference on Machine Learning and Applications, ICMLA 2019",Conference Paper
2017,91,IEEE Journal of Oceanic Engineering,Journal
2018,252,"Proceedings - 2018 International Conference on High Performance Computing and Simulation, HPCS 2018",Conference Paper
2019,252,"Proceedings - 2018 International Conference on High Performance Computing and Simulation, HPCS 2018",Conference Paper
2017,252,"Proceedings - 2018 International Conference on High Performance Computing and Simulation, HPCS 2018",Conference Paper
2016,252,"Proceedings - 2018 International Conference on High Performance Computing and Simulation, HPCS 2018",Conference Paper
2018,65,Journal of Microelectromechanical Systems,Journal
2016,65,Journal of Microelectromechanical Systems,Journal
2017,65,Journal of Microelectromechanical Systems,Journal
2015,65,Journal of Microelectromechanical Systems,Journal
2017,40,Advanced Materials Interfaces,Conference Paper
2016,40,Advanced Materials Interfaces,Conference Paper
2015,40,Advanced Materials Interfaces,Conference Paper
2018,367,Journal of Water Resources Planning and Management,Journal
2018,280,IEEE Journal of Quantum Electronics,Journal
2016,280,IEEE Journal of Quantum Electronics,Journal
2018,206,Proceedings of the Combustion Institute,Conference Paper
2017,206,Proceedings of the Combustion Institute,Conference Paper
2016,206,Proceedings of the Combustion Institute,Conference Paper
2017,267,"2018 International Conference on Reconfigurable Mechanisms and Robots, ReMAR 2018 - Proceedings",Conference Paper
2018,267,"2018 International Conference on Reconfigurable Mechanisms and Robots, ReMAR 2018 - Proceedings",Conference Paper
2016,267,"2018 International Conference on Reconfigurable Mechanisms and Robots, ReMAR 2018 - Proceedings",Conference Paper
2018,155,IEEE International Conference on Communications,Conference Paper
2016,155,IEEE International Conference on Communications,Conference Paper
2019,288,Industrial and Engineering Chemistry Research,Conference Paper
2017,288,Industrial and Engineering Chemistry Research,Conference Paper
2018,148,IEEE Transactions on Professional Communication,Conference Paper
2017,148,IEEE Transactions on Professional Communication,Conference Paper
2016,148,IEEE Transactions on Professional Communication,Conference Paper
2017,375,Journal of Nonlinear Science,Journal
2019,325,2018 AIAA/CEAS Aeroacoustics Conference,Conference Paper
2016,325,2018 AIAA/CEAS Aeroacoustics Conference,Conference Paper
2017,143,Sensors (Switzerland),Conference Paper
2016,143,Sensors (Switzerland),Conference Paper
2017,106,Indoor Air,Conference Paper
2016,106,Indoor Air,Conference Paper
2019,339,Journal of Sound and Vibration,Journal
2017,339,Journal of Sound and Vibration,Journal
2016,339,Journal of Sound and Vibration,Journal
2018,376,"2016 IEEE Photonics Conference, IPC 2016",Conference Paper
2016,376,"2016 IEEE Photonics Conference, IPC 2016",Conference Paper
2015,376,"2016 IEEE Photonics Conference, IPC 2016",Conference Paper
2017,178,Automatica,Conference Paper
2016,178,Automatica,Conference Paper
2017,312,International Journal of Designed Objects,Journal
2016,312,International Journal of Designed Objects,Journal
2017,298,ACS Synthetic Biology,Conference Paper
2019,393,Energy,Conference Paper
2016,393,Energy,Conference Paper
2018,393,Energy,Conference Paper
2019,341,IEEE Sensors Journal,Journal
2017,341,IEEE Sensors Journal,Journal
2016,341,IEEE Sensors Journal,Journal
2019,318,Proceedings of the International Masonry Society Conferences,Conference Paper
2019,364,Fire Technology,Conference Paper
2017,364,Fire Technology,Conference Paper
2017,211,IEEE Transactions on Control Systems Technology,Conference Paper
2019,349,Measurement: Journal of the International Measurement Confederation,Journal
2016,349,Measurement: Journal of the International Measurement Confederation,Journal
2018,171,Rapid Prototyping Journal,Journal
2016,171,Rapid Prototyping Journal,Journal
2018,160,Precision Engineering,Conference Paper
2016,160,Precision Engineering,Conference Paper
2017,160,Precision Engineering,Conference Paper
2018,149,Optimization and Engineering,Conference Paper
2016,149,Optimization and Engineering,Conference Paper
2017,258,International Journal of Construction Education and Research,Journal
2016,258,International Journal of Construction Education and Research,Journal
2019,345,IEEE MTT-S International Microwave Symposium Digest,Conference Paper
2018,345,IEEE MTT-S International Microwave Symposium Digest,Conference Paper
2016,345,IEEE MTT-S International Microwave Symposium Digest,Conference Paper
2018,69,ISA Transactions,Conference Paper
2016,69,ISA Transactions,Conference Paper
2018,129,IEEE Transactions on Information Forensics and Security,Conference Paper
2016,129,IEEE Transactions on Information Forensics and Security,Conference Paper
2018,281,Optics and Photonics News,Conference Paper
2017,281,Optics and Photonics News,Conference Paper
2016,281,Optics and Photonics News,Conference Paper
2018,357,Proceedings - IEEE International Conference on Robotics and Automation,Conference Paper
2017,357,Proceedings - IEEE International Conference on Robotics and Automation,Conference Paper
2016,357,Proceedings - IEEE International Conference on Robotics and Automation,Conference Paper
2016,373,Superconductor Science and Technology,Conference Paper
2017,373,Superconductor Science and Technology,Conference Paper
2015,373,Superconductor Science and Technology,Conference Paper
2016,395,Journal of Power Sources,Journal
2018,395,Journal of Power Sources,Journal
2017,112,International Journal of Modelling and Simulation,Journal
2016,201,Proceedings of the International Telemetering Conference,Conference Paper
2017,201,Proceedings of the International Telemetering Conference,Conference Paper
2015,201,Proceedings of the International Telemetering Conference,Conference Paper
2017,179,"Proceedings of the 2019 Research on Equity and Sustained Participation in Engineering, Computing, and Technology, RESPECT 2019",Conference Paper
2017,156,Design Studies,Conference Paper
2016,156,Design Studies,Conference Paper
2018,271,IEEE Control Systems,Conference Paper
2017,271,IEEE Control Systems,Conference Paper
2017,36,"Navigation, Journal of the Institute of Navigation",Journal
2017,372,Experiments in Fluids,Conference Paper
2018,372,Experiments in Fluids,Conference Paper
2018,17,Production and Operations Management,Conference Paper
2017,17,Production and Operations Management,Conference Paper
2016,17,Production and Operations Management,Conference Paper
2018,250,Journal of Constructional Steel Research,Journal
2016,250,Journal of Constructional Steel Research,Journal
2018,362,Building Simulation,Conference Paper
2017,362,Building Simulation,Conference Paper
2016,362,Building Simulation,Conference Paper
2017,62,Journal of Manufacturing and Materials Processing,Journal
2018,7,Optical Fiber Technology,Conference Paper
2017,7,Optical Fiber Technology,Conference Paper
2017,291,Accident Analysis and Prevention,Conference Paper
2016,291,Accident Analysis and Prevention,Conference Paper
2016,279,"2018 IEEE/ION Position, Location and Navigation Symposium, PLANS 2018 - Proceedings",Conference Paper
2017,279,"2018 IEEE/ION Position, Location and Navigation Symposium, PLANS 2018 - Proceedings",Conference Paper
2017,73,"Journal of Biomaterials Science, Polymer Edition",Journal
2015,73,"Journal of Biomaterials Science, Polymer Edition",Journal
2018,192,Optics InfoBase Conference Papers,Conference Paper
2016,192,Optics InfoBase Conference Papers,Conference Paper
2017,327,"2018 Joint Rail Conference, JRC 2018",Conference Paper
2017,152,"IEEE Transactions on Components, Packaging and Manufacturing Technology",Conference Paper
2016,152,"IEEE Transactions on Components, Packaging and Manufacturing Technology",Conference Paper
2017,114,"Proceedings of the 19th Conference on Formal Methods in Computer-Aided Design, FMCAD 2019",Conference Paper
2016,114,"Proceedings of the 19th Conference on Formal Methods in Computer-Aided Design, FMCAD 2019",Conference Paper
2018,304,Construction Research Congress 2018: Infrastructure and Facility Management - Selected Papers from the Construction Research Congress 2018,Conference Paper
2015,304,Construction Research Congress 2018: Infrastructure and Facility Management - Selected Papers from the Construction Research Congress 2018,Conference Paper
2017,304,Construction Research Congress 2018: Infrastructure and Facility Management - Selected Papers from the Construction Research Congress 2018,Conference Paper
2016,32,Proceedings of the American Control Conference,Conference Paper
2017,45,"Proceedings - 2020 IEEE 34th International Parallel and Distributed Processing Symposium Workshops, IPDPSW 2020",Conference Paper
2015,45,"Proceedings - 2020 IEEE 34th International Parallel and Distributed Processing Symposium Workshops, IPDPSW 2020",Conference Paper
2016,236,Frontiers in Marine Science,Conference Paper
2017,236,Frontiers in Marine Science,Conference Paper
2017,315,International Heat Transfer Conference,Conference Paper
2016,315,International Heat Transfer Conference,Conference Paper
2015,315,International Heat Transfer Conference,Conference Paper
2016,109,IEEE Transactions on Automatic Control,Conference Paper
2017,109,IEEE Transactions on Automatic Control,Conference Paper
2018,238,"SPE/IADC Drilling Conference, Proceedings",Conference Paper
2018,229,Science Robotics,Conference Paper
2015,229,Science Robotics,Conference Paper
2016,229,Science Robotics,Conference Paper
2018,270,"Proceedings - 2018 IEEE 19th International Conference on Information Reuse and Integration for Data Science, IRI 2018",Conference Paper
2016,21,"Proceedings - 2020 IEEE 21st International Conference on Information Reuse and Integration for Data Science, IRI 2020",Conference Paper
2017,256,Biosensors and Bioelectronics,Conference Paper
2017,55,Journal of Bridge Engineering,Journal
2015,240,IEEE Power and Energy Society General Meeting,Conference Paper
2017,122,"2019 IEEE Photonics Conference, IPC 2019 - Proceedings",Conference Paper
2016,126,IEEE Journal of Biomedical and Health Informatics,Journal
2016,335,"Proceedings - IEEE International Conference on Data Mining, ICDM",Conference Paper
2015,335,"Proceedings - IEEE International Conference on Data Mining, ICDM",Conference Paper
2017,335,"Proceedings - IEEE International Conference on Data Mining, ICDM",Conference Paper
2015,94,Proceedings of SPIE - The International Society for Optical Engineering,Conference Paper
2017,94,Proceedings of SPIE - The International Society for Optical Engineering,Conference Paper
2017,311,"Proceedings of the 20th International Conference on Engineering and Product Design Education, E and PDE 2018",Conference Paper
2017,108,IEEE Security and Privacy,Conference Paper
2016,224,"25th AIAA/CEAS Aeroacoustics Conference, 2019",Conference Paper
2015,355,Journal of Mechanical Science and Technology,Journal
2017,344,"1st Annual IEEE Conference on Control Technology and Applications, CCTA 2017",Conference Paper
